{"text": " ex\u00e9cute la sauvegarde du syst\u00e8me sur mon compte de github", "segments": [{"id": 0, "seek": 0, "start": 0.0, "end": 4.92, "text": " ex\u00e9cute la sauvegarde du syst\u00e8me sur mon compte de github", "tokens": [50365, 454, 9062, 1169, 635, 17828, 303, 70, 10866, 1581, 25142, 1022, 1108, 19424, 368, 290, 355, 836, 50611], "temperature": 0.0, "avg_logprob": -0.16638331413269042, "compression_ratio": 0.9076923076923077, "no_speech_prob": 5.5506068491473215e-12}], "language": "fr"}