{"text": " je t'avais dit de faire une sauvegarde compl\u00e8te du syst\u00e8me sur mon github \u00e0 3 heures du matin tu vas trouver \u00e7a dans la c'est programm\u00e9 normalement pourquoi tu l'as pas fait", "segments": [{"id": 0, "seek": 0, "start": 0.0, "end": 7.0200000000000005, "text": " je t'avais dit de faire une sauvegarde compl\u00e8te du syst\u00e8me sur mon github \u00e0 3 heures du matin", "tokens": [50365, 1506, 256, 6, 18866, 6176, 368, 4865, 2251, 17828, 303, 70, 10866, 1209, 22279, 1581, 25142, 1022, 1108, 290, 355, 836, 1531, 805, 28509, 1581, 33389, 50716], "temperature": 0.0, "avg_logprob": -0.21695428736069622, "compression_ratio": 1.2805755395683454, "no_speech_prob": 1.1457472123832524e-11}, {"id": 1, "seek": 0, "start": 7.0200000000000005, "end": 11.88, "text": " tu vas trouver \u00e7a dans la c'est programm\u00e9 normalement pourquoi tu l'as pas fait", "tokens": [50716, 2604, 11481, 23546, 2788, 2680, 635, 269, 6, 377, 37648, 526, 2710, 1712, 19934, 2604, 287, 6, 296, 1736, 3887, 50959], "temperature": 0.0, "avg_logprob": -0.21695428736069622, "compression_ratio": 1.2805755395683454, "no_speech_prob": 1.1457472123832524e-11}], "language": "fr"}